<?xml version='1.0' encoding='utf-8' ?>
<!DOCTYPE document SYSTEM "file:///C:/Xilinx/13.2/ISE_DS/ISE/xa9500xl/data/xmlReport9kxl.dtd">
<document><ascFile>FourBitAddr.rpt</ascFile><devFile>C:/Xilinx/13.2/ISE_DS/ISE/xa9500xl/data/xa9536xl.chp</devFile><mfdFile>FourBitAddr.mfd</mfdFile><htmlFile logic_legend="logiclegend.htm" logo="xc9500xl_logo.jpg" pin_legend="pinlegend.htm"/><header date=" 1-29-2013" design="FourBitAddr" device="XA9536XL" eqnType="1" pkg="VQ44" speed="-15" status="1" statusStr="Successful" swVersion="O.61xd" time=" 11:53AM" version="1.0"/><inputs id="a0_SPECSIG"/><inputs id="b0_SPECSIG"/><inputs id="a1_SPECSIG"/><inputs id="b1_SPECSIG"/><inputs id="a2_SPECSIG"/><inputs id="b2_SPECSIG"/><inputs id="a3_SPECSIG"/><inputs id="b3_SPECSIG"/><inputs id="c0"/><pin id="FB1_MC1_PIN40" pinnum="40" signal="b2_SPECSIG" use="I"/><pin id="FB1_MC2_PIN41" pinnum="41" signal="c4" use="O"/><pin id="FB1_MC3_PIN43" pinnum="43"/><pin id="FB1_MC4_PIN42" pinnum="42"/><pin id="FB1_MC5_PIN44" pinnum="44"/><pin id="FB1_MC6_PIN2" pinnum="2"/><pin id="FB1_MC7_PIN1" pinnum="1"/><pin id="FB1_MC8_PIN3" pinnum="3"/><pin id="FB1_MC9_PIN5" pinnum="5" signal="s3_SPECSIG" use="O"/><pin id="FB1_MC10_PIN6" pinnum="6"/><pin id="FB1_MC11_PIN7" pinnum="7"/><pin id="FB1_MC12_PIN8" pinnum="8"/><pin id="FB1_MC13_PIN12" pinnum="12"/><pin id="FB1_MC14_PIN13" pinnum="13" signal="s2_SPECSIG" use="O"/><pin id="FB1_MC15_PIN14" pinnum="14"/><pin id="FB1_MC16_PIN16" pinnum="16"/><pin id="FB1_MC17_PIN18" pinnum="18" signal="c0" use="I"/><pin id="FB2_MC1_PIN39" pinnum="39" signal="a1_SPECSIG" use="I"/><pin id="FB2_MC2_PIN38" pinnum="38" signal="s1_SPECSIG" use="O"/><pin id="FB2_MC3_PIN36" pinnum="36"/><pin id="FB2_MC4_PIN37" pinnum="37"/><pin id="FB2_MC5_PIN34" pinnum="34"/><pin id="FB2_MC6_PIN33" pinnum="33"/><pin id="FB2_MC7_PIN32" pinnum="32"/><pin id="FB2_MC8_PIN31" pinnum="31" signal="a3_SPECSIG" use="I"/><pin id="FB2_MC9_PIN30" pinnum="30" signal="a0_SPECSIG" use="I"/><pin id="FB2_MC10_PIN29" pinnum="29" signal="a2_SPECSIG" use="I"/><pin id="FB2_MC11_PIN28" pinnum="28" signal="s0_SPECSIG" use="O"/><pin id="FB2_MC12_PIN27" pinnum="27"/><pin id="FB2_MC13_PIN23" pinnum="23" signal="b0_SPECSIG" use="I"/><pin id="FB2_MC14_PIN22" pinnum="22"/><pin id="FB2_MC15_PIN21" pinnum="21" signal="b1_SPECSIG" use="I"/><pin id="FB2_MC16_PIN20" pinnum="20" signal="b3_SPECSIG" use="I"/><pin id="FB2_MC17_PIN19" pinnum="19"/><fblock id="FB1" inputUse="8" pinUse="5"><macrocell id="FB1_MC1" pin="FB1_MC1_PIN40"/><macrocell id="FB1_MC2" pin="FB1_MC2_PIN41" pwr="LOW" sigUse="5" signal="c4"><pterms pt1="FB1_2_1" pt2="FB1_2_2" pt3="FB1_2_3" pt4="FB1_2_4"/></macrocell><macrocell id="FB1_MC3" pin="FB1_MC3_PIN43"/><macrocell id="FB1_MC4" pin="FB1_MC4_PIN42"/><macrocell id="FB1_MC5" pin="FB1_MC5_PIN44"/><macrocell id="FB1_MC6" pin="FB1_MC6_PIN2"/><macrocell id="FB1_MC7" pin="FB1_MC7_PIN1"/><macrocell id="FB1_MC8" pin="FB1_MC8_PIN3"/><macrocell id="FB1_MC9" pin="FB1_MC9_PIN5" pwr="LOW" sigUse="4" signal="s3_SPECSIG"><pterms pt1="FB1_9_1" pt2="FB1_9_2" pt3="FB1_9_3" pt4="FB1_9_4"/></macrocell><macrocell id="FB1_MC10" pin="FB1_MC10_PIN6"/><macrocell id="FB1_MC11" pin="FB1_MC11_PIN7"/><macrocell id="FB1_MC12" pin="FB1_MC12_PIN8"/><macrocell id="FB1_MC13" pin="FB1_MC13_PIN12"/><macrocell id="FB1_MC14" pin="FB1_MC14_PIN13" pwr="LOW" sigUse="3" signal="s2_SPECSIG"><pterms pt1="FB1_14_1" pt2="FB1_14_2" pt3="FB1_14_3"/></macrocell><macrocell id="FB1_MC15" pin="FB1_MC15_PIN14"/><macrocell id="FB1_MC16" pin="FB1_MC16_PIN16"/><macrocell id="FB1_MC17" pin="FB1_MC17_PIN18" pwr="LOW" sigUse="2" signal="fa_3S0fa_3S0_D_SPECSIG"><pterms pt1="FB1_17_1" pt2="FB1_17_2"/></macrocell><macrocell id="FB1_MC18" pwr="LOW" sigUse="2" signal="fa_1S0fa_1S0_D_SPECSIG"><pterms pt1="FB1_18_1" pt2="FB1_18_2"/></macrocell><fbinput id="FB1_I1" signal="a1_SPECSIG"/><fbinput id="FB1_I2" signal="a2_SPECSIG"/><fbinput id="FB1_I3" signal="a3_SPECSIG"/><fbinput id="FB1_I4" signal="b1_SPECSIG"/><fbinput id="FB1_I5" signal="b2_SPECSIG"/><fbinput id="FB1_I6" signal="b3_SPECSIG"/><fbinput id="FB1_I7" signal="c2c2_D2_SPECSIG"/><fbinput id="FB1_I8" signal="fa_3S0fa_3S0_D_SPECSIG"/><pterm id="FB1_2_1"><signal id="a3_SPECSIG"/><signal id="fa_3S0fa_3S0_D_SPECSIG" negated="ON"/></pterm><pterm id="FB1_2_2"><signal id="a2_SPECSIG"/><signal id="b2_SPECSIG"/><signal id="fa_3S0fa_3S0_D_SPECSIG"/></pterm><pterm id="FB1_2_3"><signal id="a2_SPECSIG"/><signal id="c2c2_D2_SPECSIG"/><signal id="fa_3S0fa_3S0_D_SPECSIG"/></pterm><pterm id="FB1_2_4"><signal id="b2_SPECSIG"/><signal id="c2c2_D2_SPECSIG"/><signal id="fa_3S0fa_3S0_D_SPECSIG"/></pterm><pterm id="FB1_9_1"><signal id="fa_3S0fa_3S0_D_SPECSIG"/></pterm><pterm id="FB1_9_2"><signal id="a2_SPECSIG"/><signal id="b2_SPECSIG"/></pterm><pterm id="FB1_9_3"><signal id="a2_SPECSIG"/><signal id="c2c2_D2_SPECSIG"/></pterm><pterm id="FB1_9_4"><signal id="b2_SPECSIG"/><signal id="c2c2_D2_SPECSIG"/></pterm><pterm id="FB1_14_1"><signal id="a2_SPECSIG"/></pterm><pterm id="FB1_14_2"><signal id="b2_SPECSIG"/><signal id="c2c2_D2_SPECSIG"/></pterm><pterm id="FB1_14_3"><signal id="b2_SPECSIG" negated="ON"/><signal id="c2c2_D2_SPECSIG" negated="ON"/></pterm><pterm id="FB1_17_1"><signal id="b3_SPECSIG"/></pterm><pterm id="FB1_17_2"><signal id="a3_SPECSIG"/></pterm><pterm id="FB1_18_1"><signal id="b1_SPECSIG"/></pterm><pterm id="FB1_18_2"><signal id="a1_SPECSIG"/></pterm><equation id="c4"><d2><eq_pterm ptindx="FB1_2_1"/><eq_pterm ptindx="FB1_2_2"/><eq_pterm ptindx="FB1_2_3"/><eq_pterm ptindx="FB1_2_4"/></d2></equation><equation id="s3_SPECSIG"><d1><eq_pterm ptindx="FB1_9_1"/></d1><d2><eq_pterm ptindx="FB1_9_2"/><eq_pterm ptindx="FB1_9_3"/><eq_pterm ptindx="FB1_9_4"/></d2></equation><equation id="s2_SPECSIG" negated="ON"><d1><eq_pterm ptindx="FB1_14_1"/></d1><d2><eq_pterm ptindx="FB1_14_2"/><eq_pterm ptindx="FB1_14_3"/></d2></equation><equation id="fa_3S0fa_3S0_D_SPECSIG"><d1><eq_pterm ptindx="FB1_17_1"/></d1><d2><eq_pterm ptindx="FB1_17_2"/></d2></equation><equation id="fa_1S0fa_1S0_D_SPECSIG"><d1><eq_pterm ptindx="FB1_18_1"/></d1><d2><eq_pterm ptindx="FB1_18_2"/></d2></equation></fblock><fblock id="FB2" inputUse="5" pinUse="9"><macrocell id="FB2_MC1" pin="FB2_MC1_PIN39"/><macrocell id="FB2_MC2" pin="FB2_MC2_PIN38" pwr="LOW" sigUse="4" signal="s1_SPECSIG"><pterms pt1="FB2_2_1" pt2="FB2_2_2" pt3="FB2_2_3" pt4="FB2_2_4"/></macrocell><macrocell id="FB2_MC3" pin="FB2_MC3_PIN36"/><macrocell id="FB2_MC4" pin="FB2_MC4_PIN37"/><macrocell id="FB2_MC5" pin="FB2_MC5_PIN34"/><macrocell id="FB2_MC6" pin="FB2_MC6_PIN33"/><macrocell id="FB2_MC7" pin="FB2_MC7_PIN32"/><macrocell id="FB2_MC8" pin="FB2_MC8_PIN31"/><macrocell id="FB2_MC9" pin="FB2_MC9_PIN30"/><macrocell id="FB2_MC10" pin="FB2_MC10_PIN29"/><macrocell id="FB2_MC11" pin="FB2_MC11_PIN28" pwr="LOW" sigUse="3" signal="s0_SPECSIG"><pterms pt1="FB2_11_1" pt2="FB2_11_2" pt3="FB2_11_3"/></macrocell><macrocell id="FB2_MC12" pin="FB2_MC12_PIN27"/><macrocell id="FB2_MC13" pin="FB2_MC13_PIN23"/><macrocell id="FB2_MC14" pin="FB2_MC14_PIN22"/><macrocell id="FB2_MC15" pin="FB2_MC15_PIN21"/><macrocell id="FB2_MC16" pin="FB2_MC16_PIN20"/><macrocell id="FB2_MC17" pin="FB2_MC17_PIN19"/><macrocell id="FB2_MC18" pwr="LOW" sigUse="5" signal="c2c2_D2_SPECSIG"><pterms pt1="FB2_18_1" pt2="FB2_18_2" pt3="FB2_18_3" pt4="FB2_18_4"/></macrocell><fbinput id="FB2_I1" signal="a0_SPECSIG"/><fbinput id="FB2_I2" signal="a1_SPECSIG"/><fbinput id="FB2_I3" signal="b0_SPECSIG"/><fbinput id="FB2_I4" signal="c0"/><fbinput id="FB2_I5" signal="fa_1S0fa_1S0_D_SPECSIG"/><pterm id="FB2_2_1"><signal id="fa_1S0fa_1S0_D_SPECSIG"/></pterm><pterm id="FB2_2_2"><signal id="a0_SPECSIG"/><signal id="b0_SPECSIG"/></pterm><pterm id="FB2_2_3"><signal id="a0_SPECSIG"/><signal id="c0"/></pterm><pterm id="FB2_2_4"><signal id="b0_SPECSIG"/><signal id="c0"/></pterm><pterm id="FB2_11_1"><signal id="a0_SPECSIG"/></pterm><pterm id="FB2_11_2"><signal id="b0_SPECSIG"/><signal id="c0"/></pterm><pterm id="FB2_11_3"><signal id="b0_SPECSIG" negated="ON"/><signal id="c0" negated="ON"/></pterm><pterm id="FB2_18_1"><signal id="a1_SPECSIG"/><signal id="fa_1S0fa_1S0_D_SPECSIG" negated="ON"/></pterm><pterm id="FB2_18_2"><signal id="a0_SPECSIG"/><signal id="b0_SPECSIG"/><signal id="fa_1S0fa_1S0_D_SPECSIG"/></pterm><pterm id="FB2_18_3"><signal id="a0_SPECSIG"/><signal id="c0"/><signal id="fa_1S0fa_1S0_D_SPECSIG"/></pterm><pterm id="FB2_18_4"><signal id="b0_SPECSIG"/><signal id="c0"/><signal id="fa_1S0fa_1S0_D_SPECSIG"/></pterm><equation id="s1_SPECSIG"><d1><eq_pterm ptindx="FB2_2_1"/></d1><d2><eq_pterm ptindx="FB2_2_2"/><eq_pterm ptindx="FB2_2_3"/><eq_pterm ptindx="FB2_2_4"/></d2></equation><equation id="s0_SPECSIG" negated="ON"><d1><eq_pterm ptindx="FB2_11_1"/></d1><d2><eq_pterm ptindx="FB2_11_2"/><eq_pterm ptindx="FB2_11_3"/></d2></equation><equation id="c2c2_D2_SPECSIG"><d2><eq_pterm ptindx="FB2_18_1"/><eq_pterm ptindx="FB2_18_2"/><eq_pterm ptindx="FB2_18_3"/><eq_pterm ptindx="FB2_18_4"/></d2></equation></fblock><vcc/><gnd/><messages><warning>Cpld - Unable to retrieve the path to the iSE Project Repository. Will   use the default filename of 'FourBitAddr.ise'.</warning></messages><compOpts exhaust="OFF" gclkopt="ON" gsropt="ON" gtsopt="ON" ignorets="OFF" inputs="54" keepio="OFF" loc="ON" mlopt="ON" optimize="DENSITY" part="xa95*xl-*-*" power="LOW" prld="LOW" pterms="25" slew="FAST" terminate="KEEPER" unused="OFF" wysiwyg="OFF"/><specSig signal="a0_SPECSIG" value="a&lt;0&gt;"/><specSig signal="b0_SPECSIG" value="b&lt;0&gt;"/><specSig signal="a1_SPECSIG" value="a&lt;1&gt;"/><specSig signal="b1_SPECSIG" value="b&lt;1&gt;"/><specSig signal="a2_SPECSIG" value="a&lt;2&gt;"/><specSig signal="b2_SPECSIG" value="b&lt;2&gt;"/><specSig signal="a3_SPECSIG" value="a&lt;3&gt;"/><specSig signal="b3_SPECSIG" value="b&lt;3&gt;"/><specSig signal="s3_SPECSIG" value="s&lt;3&gt;"/><specSig signal="s2_SPECSIG" value="s&lt;2&gt;"/><specSig signal="s1_SPECSIG" value="s&lt;1&gt;"/><specSig signal="s0_SPECSIG" value="s&lt;0&gt;"/><specSig signal="fa_3S0fa_3S0_D_SPECSIG" value="fa_3/S0/fa_3/S0_D"/><specSig signal="fa_1S0fa_1S0_D_SPECSIG" value="fa_1/S0/fa_1/S0_D"/><specSig signal="c2c2_D2_SPECSIG" value="c2/c2_D2"/></document>
